id,listing_url,name,room_type,city,district,neighborhood,address,latitude,longitude,price_per_night,price_formatted,rating,review_count,is_superhost,is_guest_favorite,guests,bedrooms,beds,baths,amenities,images_count,first_image,host_name
1759528328915150903,https://www.airbnb.com.vn/rooms/1759528328915150903,Khu phố cổ | 4 phòng ngủ | Ban công | Bida | Bồn tắm,Nhà tại Quận Hoàn Kiếm,Hà Nội,Quận Hoàn Kiếm,Quận Hoàn Kiếm,"Quận Hoàn Kiếm, Hà Nội, Việt Nam",21.0385,105.845,4200000,4.200.000 ₫ / đêm,5,5,True,False,12,4,6,4,"Wifi tốc độ cao, Điều hòa nhiệt độ, Bếp đầy đủ tiện nghi, TV thông minh, Máy giặt, Tủ lạnh, Máy sấy tóc, Khăn tắm & đồ vệ sinh cá nhân, Tự nhận phòng bằng khóa thông minh, Bình nóng lạnh, Khu vực làm việc riêng, Bàn bi-a giải trí, Bồn tắm ngâm thư giãn, Ban công ngắm cảnh thành phố",15,https://a0.muscache.com/im/pictures/hosting/Hosting-1759528328915150903/original/c5919ed8-ac2c-4132-aaea-b4ed16724676.jpeg,Minh Thơ
1771660239678140584,https://www.airbnb.com.vn/rooms/1771660239678140584,Nhà boutique 3 phòng ngủ - 3 bồn tắm - Quang cảnh Hồ Tây,Nhà tại Quận Tây Hồ,Hà Nội,Quận Tây Hồ,Quận Tây Hồ,"Quận Tây Hồ, Hà Nội, Việt Nam",21.0433,105.8344,3076000,3.076.000 ₫ / đêm,4.88,4,False,False,8,3,4,3,"Wifi tốc độ cao, Điều hòa nhiệt độ, Bếp đầy đủ tiện nghi, TV thông minh, Máy giặt, Tủ lạnh, Máy sấy tóc, Khăn tắm & đồ vệ sinh cá nhân, Tự nhận phòng bằng khóa thông minh, Bình nóng lạnh, Khu vực làm việc riêng, Bồn tắm ngâm thư giãn, Ban công ngắm cảnh thành phố",15,https://a0.muscache.com/im/pictures/hosting/Hosting-1771660239678140584/original/bb806f50-b5dc-4fe9-a4b8-eead472a1db6.jpeg,Thu Hương
1777449033968690301,https://www.airbnb.com.vn/rooms/1777449033968690301,LotusOasisTheElegenceBigHouse220m2/4PN/3WC/Hồ bơi,Nhà tại Cua Nam,Hà Nội,Quận Ba Đình,Quận Ba Đình,"Quận Ba Đình, Hà Nội, Việt Nam",21.0227,105.8597,3084000,3.084.000 ₫ / đêm,5,6,True,False,12,4,6,3,"Wifi tốc độ cao, Điều hòa nhiệt độ, Bếp đầy đủ tiện nghi, TV thông minh, Máy giặt, Tủ lạnh, Máy sấy tóc, Khăn tắm & đồ vệ sinh cá nhân, Tự nhận phòng bằng khóa thông minh, Bình nóng lạnh, Khu vực làm việc riêng, Bể bơi ngoài trời",15,https://a0.muscache.com/im/pictures/hosting/Hosting-1777449033968690301/original/0d92d8c0-cb8b-4a6d-a8a5-c755dad1bc44.png,Hoàng Nam
1760644344363975745,https://www.airbnb.com.vn/rooms/1760644344363975745,Hà Nội cổ • Garden House • 5 phòng ngủ • 300 m2 • 15 người,Biệt thự tại Van Mieu - Quoc Tu Giam,Hà Nội,Quận Hai Bà Trưng,Quận Hai Bà Trưng,"Quận Hai Bà Trưng, Hà Nội, Việt Nam",21.0157,105.8334,3602533,3.602.533 ₫ / đêm,5,4,True,False,14,5,7,4,"Wifi tốc độ cao, Điều hòa nhiệt độ, Bếp đầy đủ tiện nghi, TV thông minh, Máy giặt, Tủ lạnh, Máy sấy tóc, Khăn tắm & đồ vệ sinh cá nhân, Tự nhận phòng bằng khóa thông minh, Bình nóng lạnh, Khu vực làm việc riêng, Bể bơi ngoài trời",15,https://a0.muscache.com/im/pictures/hosting/Hosting-1760644344363975745/original/a4c9abfe-dd5d-480c-bd52-3598e8dcb5ca.jpeg,Lan Anh
1770753497215030797,https://www.airbnb.com.vn/rooms/1770753497215030797,Hanoi Drift House |5 phòng ngủ| Ban công gần Khu phố cổ,Nhà tại Ba Dinh,Hà Nội,Quận Hoàn Kiếm,Quận Hoàn Kiếm,"Quận Hoàn Kiếm, Hà Nội, Việt Nam",21.0291,105.841,3159486,3.159.486 ₫ / đêm,5,3,True,False,12,5,6,4,"Wifi tốc độ cao, Điều hòa nhiệt độ, Bếp đầy đủ tiện nghi, TV thông minh, Máy giặt, Tủ lạnh, Máy sấy tóc, Khăn tắm & đồ vệ sinh cá nhân, Tự nhận phòng bằng khóa thông minh, Bình nóng lạnh, Khu vực làm việc riêng, Ban công ngắm cảnh thành phố",15,https://a0.muscache.com/im/pictures/hosting/Hosting-1770753497215030797/original/9e4429d0-ba53-417e-8a71-4f834438a690.jpeg,Tuấn Kiệt
1348328959341578736,https://www.airbnb.com.vn/rooms/1348328959341578736,XOI Saka2 3BR-125m²|Ban công|Lakeside|Kitchen @ CBD,Căn hộ tại Ngọc Khánh,Hà Nội,Quận Ba Đình,Quận Ba Đình,"Quận Ba Đình, Hà Nội, Việt Nam",21.02927315185098,105.81084037053074,1755845,1.755.845 ₫ / đêm,4.99,69,False,True,6,3,2,2,"Wifi tốc độ cao, Điều hòa nhiệt độ, Bếp đầy đủ tiện nghi, TV thông minh, Máy giặt, Tủ lạnh, Máy sấy tóc, Khăn tắm & đồ vệ sinh cá nhân, Tự nhận phòng bằng khóa thông minh, Bình nóng lạnh, Khu vực làm việc riêng, Ban công ngắm cảnh thành phố, Thang máy tòa nhà",15,https://a0.muscache.com/im/pictures/hosting/Hosting-1348328959341578736/original/b496a890-2eac-4440-a0f3-fa16729caac2.jpeg,Quỳnh Nga
1773460169532879155,https://www.airbnb.com.vn/rooms/1773460169532879155,Aioi #8 | 4 phòng ngủ với tầm nhìn ra khu vực địa phương | Thang máy & Cà phê miễn phí,Nhà tại Quận Hai Bà Trưng,Hà Nội,Quận Hai Bà Trưng,Quận Hai Bà Trưng,"Quận Hai Bà Trưng, Hà Nội, Việt Nam",21.0179,105.8545,5000000,5.000.000 ₫ / đêm,4.88,2,False,False,8,4,4,4,"Wifi tốc độ cao, Điều hòa nhiệt độ, Bếp đầy đủ tiện nghi, TV thông minh, Máy giặt, Tủ lạnh, Máy sấy tóc, Khăn tắm & đồ vệ sinh cá nhân, Tự nhận phòng bằng khóa thông minh, Bình nóng lạnh, Khu vực làm việc riêng, Thang máy tòa nhà",15,https://a0.muscache.com/im/pictures/hosting/Hosting-1773460169532879155/original/35697dec-c2c8-4fa9-86e2-844e1dc7c851.jpeg,Đức Huy
1708053768720435766,https://www.airbnb.com.vn/rooms/1708053768720435766,Maison Tonkin Heritage* Phố Đường Tàu* 5 phòng ngủ* 10 khách,Nhà tại Quận Hoàn Kiếm,Hà Nội,Quận Hoàn Kiếm,Quận Hoàn Kiếm,"Quận Hoàn Kiếm, Hà Nội, Việt Nam",21.0322,105.8444,3590549,3.590.549 ₫ / đêm,5,12,False,True,16,5,8,3,"Wifi tốc độ cao, Điều hòa nhiệt độ, Bếp đầy đủ tiện nghi, TV thông minh, Máy giặt, Tủ lạnh, Máy sấy tóc, Khăn tắm & đồ vệ sinh cá nhân, Tự nhận phòng bằng khóa thông minh, Bình nóng lạnh, Khu vực làm việc riêng",15,https://a0.muscache.com/im/pictures/hosting/Hosting-1708053768720435766/original/dd28d5ed-3c08-4bf8-bc0b-b867336dcd27.png,Ngọc Mai
1753330987512694932,https://www.airbnb.com.vn/rooms/1753330987512694932,"Một ngôi nhà trong Khu phố cổ Hà Nội - ""Đường Tàu""",Nhà tại Quận Hoàn Kiếm,Hà Nội,Quận Hoàn Kiếm,Quận Hoàn Kiếm,"Quận Hoàn Kiếm, Hà Nội, Việt Nam",21.0322,105.8444,1879660,1.879.660 ₫ / đêm,4.92,6,False,False,10,5,3,3,"Wifi tốc độ cao, Điều hòa nhiệt độ, Bếp đầy đủ tiện nghi, TV thông minh, Máy giặt, Tủ lạnh, Máy sấy tóc, Khăn tắm & đồ vệ sinh cá nhân, Tự nhận phòng bằng khóa thông minh, Bình nóng lạnh, Khu vực làm việc riêng",15,https://a0.muscache.com/im/pictures/hosting/Hosting-1753330987512694932/original/e0461690-bf89-4eca-b2ae-f2b2d52eaf25.jpeg,Thanh Tùng
1760182618782896386,https://www.airbnb.com.vn/rooms/1760182618782896386,6 phòng ngủ/Vị trí siêu đẳng/Máy chiếu/Đường tàu/Chợ đêm,Nhà tại Quận Hoàn Kiếm,Hà Nội,Quận Hoàn Kiếm,Quận Hoàn Kiếm,"Quận Hoàn Kiếm, Hà Nội, Việt Nam",21.0381,105.8454,5760000,5.760.000 ₫ / đêm,4.95,8,False,False,18,6,9,3,"Wifi tốc độ cao, Điều hòa nhiệt độ, Bếp đầy đủ tiện nghi, TV thông minh, Máy giặt, Tủ lạnh, Máy sấy tóc, Khăn tắm & đồ vệ sinh cá nhân, Tự nhận phòng bằng khóa thông minh, Bình nóng lạnh, Khu vực làm việc riêng",15,https://a0.muscache.com/im/pictures/hosting/Hosting-1760182618782896386/original/e50d9469-2dc9-4c75-bc3a-155dcd35fb92.jpeg,Khánh Linh
1759554596058595926,https://www.airbnb.com.vn/rooms/1759554596058595926,"Olive Stay | Khu phố cổ, 2 phòng ngủ, sân thượng và bếp",Nhà tại Quận Hoàn Kiếm,Hà Nội,Quận Hoàn Kiếm,Quận Hoàn Kiếm,"Quận Hoàn Kiếm, Hà Nội, Việt Nam",21.0342,105.8484,1500000,1.500.000 ₫ / đêm,4.85,10,True,False,6,2,3,1,"Wifi tốc độ cao, Điều hòa nhiệt độ, Bếp đầy đủ tiện nghi, TV thông minh, Máy giặt, Tủ lạnh, Máy sấy tóc, Khăn tắm & đồ vệ sinh cá nhân, Tự nhận phòng bằng khóa thông minh, Bình nóng lạnh, Khu vực làm việc riêng",15,https://a0.muscache.com/im/pictures/hosting/Hosting-1759554596058595926/original/9d8f3e57-6e4c-453e-a6e7-067403b7f4be.jpeg,Bảo Long
1569688925115133099,https://www.airbnb.com.vn/rooms/1569688925115133099,Bearhome [Netflix cao cấp] trung tâm Hà Nội,Nhà tại Ba Đình,Hà Nội,Quận Ba Đình,Quận Ba Đình,"Quận Ba Đình, Hà Nội, Việt Nam",21.0344,105.8182,1380000,1.380.000 ₫ / đêm,5,8,False,True,8,4,4,4,"Wifi tốc độ cao, Điều hòa nhiệt độ, Bếp đầy đủ tiện nghi, TV thông minh, Máy giặt, Tủ lạnh, Máy sấy tóc, Khăn tắm & đồ vệ sinh cá nhân, Tự nhận phòng bằng khóa thông minh, Bình nóng lạnh, Khu vực làm việc riêng",15,https://a0.muscache.com/im/pictures/hosting/Hosting-1569688925115133099/original/5326e4cc-54e6-4b3d-966d-f6196167d2e0.jpeg,Hồng Nhung
37267039,https://www.airbnb.com.vn/rooms/37267039,"iRest Tầng thượng 330m2/5BR/Sân thượng lớn/CityView/TV 65""",Căn hộ tại Hà Nội,Hà Nội,Quận Hoàn Kiếm,Quận Hoàn Kiếm,"Quận Hoàn Kiếm, Hà Nội, Việt Nam",21.01234,105.81831,3200000,3.200.000 ₫ / đêm,4.79,96,False,False,10,5,4,4,"Wifi tốc độ cao, Điều hòa nhiệt độ, Bếp đầy đủ tiện nghi, TV thông minh, Máy giặt, Tủ lạnh, Máy sấy tóc, Khăn tắm & đồ vệ sinh cá nhân, Tự nhận phòng bằng khóa thông minh, Bình nóng lạnh, Khu vực làm việc riêng, Ban công ngắm cảnh thành phố, Thang máy tòa nhà",15,https://a0.muscache.com/im/pictures/21d768dc-3395-4316-897d-0f17202523be.jpg,Việt Dũng
1747713958457555099,https://www.airbnb.com.vn/rooms/1747713958457555099,Căn hộ sang trọng hiện đại 2 phòng ngủ | Trung tâm • Tầm nhìn ra cây xanh tươi tốt,Phòng tại Hai Ba Trung,Hà Nội,Quận Tây Hồ,Quận Tây Hồ,"Quận Tây Hồ, Hà Nội, Việt Nam",21.0149,105.85,2600000,2.600.000 ₫ / đêm,5,6,False,True,4,2,2,1,"Wifi tốc độ cao, Điều hòa nhiệt độ, Bếp đầy đủ tiện nghi, TV thông minh, Máy giặt, Tủ lạnh, Máy sấy tóc, Khăn tắm & đồ vệ sinh cá nhân, Tự nhận phòng bằng khóa thông minh, Bình nóng lạnh, Khu vực làm việc riêng, Thang máy tòa nhà",6,https://a0.muscache.com/im/pictures/hosting/Hosting-1747713958457555099/original/e4046dd6-340b-48c7-9c22-be153f1b9514.png,Phương Thảo
1750749022529098752,https://www.airbnb.com.vn/rooms/1750749022529098752,Serene Home|Hồ bơi riêng|Trung tâm Đà Nẵng,Nhà tại Quận Thanh Khê,Đà Nẵng,Quận Thanh Khê,Quận Thanh Khê,"Quận Thanh Khê, Đà Nẵng, Việt Nam",16.0686,108.21,3700000,3.700.000 ₫ / đêm,5,5,False,False,8,4,4,4,"Wifi tốc độ cao, Điều hòa nhiệt độ, Bếp đầy đủ tiện nghi, TV thông minh, Máy giặt, Tủ lạnh, Máy sấy tóc, Khăn tắm & đồ vệ sinh cá nhân, Tự nhận phòng bằng khóa thông minh, Bình nóng lạnh, Khu vực làm việc riêng, Bể bơi ngoài trời",15,https://a0.muscache.com/im/pictures/hosting/Hosting-1750749022529098752/original/7900c16a-d428-4466-a79b-94cbb96320f0.png,Trọng Hiếu
1671569400369493213,https://www.airbnb.com.vn/rooms/1671569400369493213,"Biệt thự 5 phòng ngủ, Chợ Hàn, Trung tâm thành phố, Cầu Rồng",Nhà tại Hai Chau,Đà Nẵng,Quận Hải Châu,Quận Hải Châu,"Quận Hải Châu, Đà Nẵng, Việt Nam",16.0814,108.2186,3264135,3.264.135 ₫ / đêm,5,22,False,True,10,5,5,5,"Wifi tốc độ cao, Điều hòa nhiệt độ, Bếp đầy đủ tiện nghi, TV thông minh, Máy giặt, Tủ lạnh, Máy sấy tóc, Khăn tắm & đồ vệ sinh cá nhân, Tự nhận phòng bằng khóa thông minh, Bình nóng lạnh, Khu vực làm việc riêng, Bể bơi ngoài trời",15,https://a0.muscache.com/im/pictures/hosting/Hosting-1671569400369493213/original/77fd9f8f-e55d-4476-94ae-73df3781df3f.jpeg,Minh Thơ
29663009,https://www.airbnb.com.vn/rooms/29663009,TOP 1 Trải nghiệm Đà Nẵng 'Biệt thự hồ bơi Casa de Tan 1',Nhà phố tại Quận Hải Châu,Đà Nẵng,Quận Hải Châu,Quận Hải Châu,"Quận Hải Châu, Đà Nẵng, Việt Nam",16.0756,108.2123,2961657,2.961.657 ₫ / đêm,4.82,299,False,True,8,4,4,4,"Wifi tốc độ cao, Điều hòa nhiệt độ, Bếp đầy đủ tiện nghi, TV thông minh, Máy giặt, Tủ lạnh, Máy sấy tóc, Khăn tắm & đồ vệ sinh cá nhân, Tự nhận phòng bằng khóa thông minh, Bình nóng lạnh, Khu vực làm việc riêng, Bể bơi ngoài trời",15,https://a0.muscache.com/im/pictures/hosting/Hosting-29663009/original/105ea2d7-abef-4c6d-8844-ae246d4fc29b.jpeg,Thu Hương
1716678250223860210,https://www.airbnb.com.vn/rooms/1716678250223860210,"Studio gần Chợ Hàn, cà phê miễn phí, trung tâm Đà Nẵng",Phòng tại Quận Hải Châu,Đà Nẵng,Quận Hải Châu,Quận Hải Châu,"Quận Hải Châu, Đà Nẵng, Việt Nam",16.0704,108.2207,1602850,1.602.850 ₫ / đêm,5,20,False,True,2,1,1,1,"Wifi tốc độ cao, Điều hòa nhiệt độ, Bếp đầy đủ tiện nghi, TV thông minh, Máy giặt, Tủ lạnh, Máy sấy tóc, Khăn tắm & đồ vệ sinh cá nhân, Tự nhận phòng bằng khóa thông minh, Bình nóng lạnh, Khu vực làm việc riêng",6,https://a0.muscache.com/im/pictures/hosting/Hosting-1716678250223860210/original/11b0b83f-92e7-482a-9e44-59de4513f67f.png,Hoàng Nam
1763672500525467073,https://www.airbnb.com.vn/rooms/1763672500525467073,Trung tâm thành phố Đà Nẵng•4 phòng ngủ•Đi bộ đến sông Hàn•Điều hòa nhiệt độ toàn bộ,Nhà tại Hai Chau,Đà Nẵng,Quận Sơn Trà,Quận Sơn Trà,"Quận Sơn Trà, Đà Nẵng, Việt Nam",16.0804,108.2199,2980000,2.980.000 ₫ / đêm,5,3,True,False,8,4,4,5,"Wifi tốc độ cao, Điều hòa nhiệt độ, Bếp đầy đủ tiện nghi, TV thông minh, Máy giặt, Tủ lạnh, Máy sấy tóc, Khăn tắm & đồ vệ sinh cá nhân, Tự nhận phòng bằng khóa thông minh, Bình nóng lạnh, Khu vực làm việc riêng",15,https://a0.muscache.com/im/pictures/hosting/Hosting-1763672500525467073/original/21616abf-5d8d-48c8-b527-d95e38a8d075.png,Lan Anh
1748551106472599144,https://www.airbnb.com.vn/rooms/1748551106472599144,"Biệt thự 4 phòng ngủ có hồ bơi, BBQ trên tầng thượng, điều hòa trung tâm, Đà Nẵng",Biệt thự tại Quận Thanh Khê,Đà Nẵng,Quận Thanh Khê,Quận Thanh Khê,"Quận Thanh Khê, Đà Nẵng, Việt Nam",16.0712,108.2131,4053452,4.053.452 ₫ / đêm,5,10,False,True,8,4,4,5,"Wifi tốc độ cao, Điều hòa nhiệt độ, Bếp đầy đủ tiện nghi, TV thông minh, Máy giặt, Tủ lạnh, Máy sấy tóc, Khăn tắm & đồ vệ sinh cá nhân, Tự nhận phòng bằng khóa thông minh, Bình nóng lạnh, Khu vực làm việc riêng, Bể bơi ngoài trời",15,https://a0.muscache.com/im/pictures/hosting/Hosting-1748551106472599144/original/02a28df8-7be6-40b0-856d-c9c8f983fec0.jpeg,Tuấn Kiệt
32511304,https://www.airbnb.com.vn/rooms/32511304,Namto House gần Chợ Hàn & Nhà thờ Hồng 3A,Nhà tại Đà Nẵng,Đà Nẵng,Quận Hải Châu,Quận Hải Châu,"Quận Hải Châu, Đà Nẵng, Việt Nam",16.06754,108.22128,1294871,1.294.871 ₫ / đêm,4.89,94,False,True,6,2,3,2,"Wifi tốc độ cao, Điều hòa nhiệt độ, Bếp đầy đủ tiện nghi, TV thông minh, Máy giặt, Tủ lạnh, Máy sấy tóc, Khăn tắm & đồ vệ sinh cá nhân, Tự nhận phòng bằng khóa thông minh, Bình nóng lạnh, Khu vực làm việc riêng",15,https://a0.muscache.com/im/pictures/hosting/Hosting-32511304/original/e43bd58f-1dfc-44b6-b6b4-800554566e93.jpeg,Quỳnh Nga
34721476,https://www.airbnb.com.vn/rooms/34721476,3. Hoa chuối - gần sông Hàn - Giường King,Căn hộ tại Quận Hải Châu,Đà Nẵng,Quận Hải Châu,Quận Hải Châu,"Quận Hải Châu, Đà Nẵng, Việt Nam",16.07948,108.21826,571800,571.800 ₫ / đêm,4.93,247,False,True,2,1,1,1,"Wifi tốc độ cao, Điều hòa nhiệt độ, Bếp đầy đủ tiện nghi, TV thông minh, Máy giặt, Tủ lạnh, Máy sấy tóc, Khăn tắm & đồ vệ sinh cá nhân, Tự nhận phòng bằng khóa thông minh, Bình nóng lạnh, Khu vực làm việc riêng, Thang máy tòa nhà",15,https://a0.muscache.com/im/pictures/a6eacebe-ed21-47d0-a537-d2faab378e83.jpg,Đức Huy
31609420,https://www.airbnb.com.vn/rooms/31609420,"Namto House gần Chợ Hàn, Nhà thờ Hồng 4A",Căn hộ chung cư cao cấp tại Đà Nẵng,Đà Nẵng,Quận Hải Châu,Quận Hải Châu,"Quận Hải Châu, Đà Nẵng, Việt Nam",16.06814,108.22197,1294871,1.294.871 ₫ / đêm,4.81,110,False,True,6,2,3,2,"Wifi tốc độ cao, Điều hòa nhiệt độ, Bếp đầy đủ tiện nghi, TV thông minh, Máy giặt, Tủ lạnh, Máy sấy tóc, Khăn tắm & đồ vệ sinh cá nhân, Tự nhận phòng bằng khóa thông minh, Bình nóng lạnh, Khu vực làm việc riêng, Thang máy tòa nhà",15,https://a0.muscache.com/im/pictures/hosting/Hosting-31609420/original/c61c8bb6-8116-4c20-a320-54707545690a.jpeg,Ngọc Mai
905663478908852381,https://www.airbnb.com.vn/rooms/905663478908852381,Aroma Home | Hồ bơi | Trung tâm thành phố | Giảm giá 25%,Biệt thự tại Quận Thanh Khê,Đà Nẵng,Quận Thanh Khê,Quận Thanh Khê,"Quận Thanh Khê, Đà Nẵng, Việt Nam",16.0742,108.2113,3795526,3.795.526 ₫ / đêm,4.98,178,False,True,8,4,4,5,"Wifi tốc độ cao, Điều hòa nhiệt độ, Bếp đầy đủ tiện nghi, TV thông minh, Máy giặt, Tủ lạnh, Máy sấy tóc, Khăn tắm & đồ vệ sinh cá nhân, Tự nhận phòng bằng khóa thông minh, Bình nóng lạnh, Khu vực làm việc riêng, Bể bơi ngoài trời",15,https://a0.muscache.com/im/pictures/hosting/Hosting-U3RheVN1cHBseUxpc3Rpbmc6OTA1NjYzNDc4OTA4ODUyMzgx/original/4728dddc-e371-4db3-97bd-067be17fc63c.jpeg,Thanh Tùng
1640391220257881809,https://www.airbnb.com.vn/rooms/1640391220257881809,"Nhà 4 phòng ngủ gần Nhà Thờ Lớn Đà Nẵng, Chợ Hàn",Nhà tại Quận Hải Châu,Đà Nẵng,Quận Hải Châu,Quận Hải Châu,"Quận Hải Châu, Đà Nẵng, Việt Nam",16.0664,108.2235,3200000,3.200.000 ₫ / đêm,4.87,30,True,False,8,4,4,4,"Wifi tốc độ cao, Điều hòa nhiệt độ, Bếp đầy đủ tiện nghi, TV thông minh, Máy giặt, Tủ lạnh, Máy sấy tóc, Khăn tắm & đồ vệ sinh cá nhân, Tự nhận phòng bằng khóa thông minh, Bình nóng lạnh, Khu vực làm việc riêng",15,https://a0.muscache.com/im/pictures/hosting/Hosting-1640391220257881809/original/8327babf-0a81-4b69-bb88-90fad6066ada.jpeg,Khánh Linh
1602301381468715957,https://www.airbnb.com.vn/rooms/1602301381468715957,Studio ban công lớn nhiều cây xanh • 2 giường ấm cúng và bếp,Phòng tại Quận Hải Châu,Đà Nẵng,Quận Hải Châu,Quận Hải Châu,"Quận Hải Châu, Đà Nẵng, Việt Nam",16.0852,108.2143,1154105,1.154.105 ₫ / đêm,5,35,False,True,4,1,2,1,"Wifi tốc độ cao, Điều hòa nhiệt độ, Bếp đầy đủ tiện nghi, TV thông minh, Máy giặt, Tủ lạnh, Máy sấy tóc, Khăn tắm & đồ vệ sinh cá nhân, Tự nhận phòng bằng khóa thông minh, Bình nóng lạnh, Khu vực làm việc riêng, Ban công ngắm cảnh thành phố",6,https://a0.muscache.com/im/pictures/hosting/Hosting-1602301381468715957/original/c0ec80e6-376c-4df1-aecc-5cf9780c519f.jpeg,Bảo Long
1584447501124595432,https://www.airbnb.com.vn/rooms/1584447501124595432,Studio yên tĩnh ấm cúng gần Chợ Hàn | Trung tâm thành phố,Phòng tại Quận Hải Châu,Đà Nẵng,Quận Hải Châu,Quận Hải Châu,"Quận Hải Châu, Đà Nẵng, Việt Nam",16.0659,108.2232,700000,700.000 ₫ / đêm,4.94,33,False,True,2,1,1,1,"Wifi tốc độ cao, Điều hòa nhiệt độ, Bếp đầy đủ tiện nghi, TV thông minh, Máy giặt, Tủ lạnh, Máy sấy tóc, Khăn tắm & đồ vệ sinh cá nhân, Tự nhận phòng bằng khóa thông minh, Bình nóng lạnh, Khu vực làm việc riêng",6,https://a0.muscache.com/im/pictures/hosting/Hosting-1584447501124595432/original/08ede865-cadd-4cd7-9b0c-a8e1fe4e8633.png,Hồng Nhung
1659097756709147292,https://www.airbnb.com.vn/rooms/1659097756709147292,"Nhà 3 phòng ngủ ở trung tâm thành phố, 3 phút đến Cầu Rồng",Nhà tại Hai Chau,Đà Nẵng,Quận Hải Châu,Quận Hải Châu,"Quận Hải Châu, Đà Nẵng, Việt Nam",16.062,108.2221,2816722,2.816.722 ₫ / đêm,4.88,8,True,False,8,3,4,2,"Wifi tốc độ cao, Điều hòa nhiệt độ, Bếp đầy đủ tiện nghi, TV thông minh, Máy giặt, Tủ lạnh, Máy sấy tóc, Khăn tắm & đồ vệ sinh cá nhân, Tự nhận phòng bằng khóa thông minh, Bình nóng lạnh, Khu vực làm việc riêng",15,https://a0.muscache.com/im/pictures/hosting/Hosting-1659097756709147292/original/6cbd3249-de61-4441-8f5e-7d70cc9c6ede.jpeg,Việt Dũng
1683738229737784219,https://www.airbnb.com.vn/rooms/1683738229737784219,Elysian - Phòng đôi có ban công ở trung tâm Quận 1,Khách sạn tại Thành phố Hồ Chí Minh,Thành phố Hồ Chí Minh,Quận 1,Quận 1,"Quận 1, Thành phố Hồ Chí Minh, Việt Nam",10.7915,106.6894,589080,589.080 ₫ / đêm,5,3,False,False,2,1,1,1,"Wifi tốc độ cao, Điều hòa nhiệt độ, Bếp đầy đủ tiện nghi, TV thông minh, Máy giặt, Tủ lạnh, Máy sấy tóc, Khăn tắm & đồ vệ sinh cá nhân, Tự nhận phòng bằng khóa thông minh, Bình nóng lạnh, Khu vực làm việc riêng, Ban công ngắm cảnh thành phố",15,https://a0.muscache.com/im/pictures/hosting/Hosting-1683738229737784219/original/6f24d47e-7447-4b24-9aba-8ab3997785ea.jpeg,Phương Thảo
1776555498554539671,https://www.airbnb.com.vn/rooms/1776555498554539671,Penthouse 4 phòng ngủ • 5 giường • Hướng sông & thành phố • Hồ bơi • LM81,Căn hộ chung cư cao cấp tại Thành phố Hồ Chí Minh,Thành phố Hồ Chí Minh,Bình Thạnh,Bình Thạnh,"Bình Thạnh, Thành phố Hồ Chí Minh, Việt Nam",10.7951,106.7221,5697433,5.697.433 ₫ / đêm,5,5,True,False,10,4,5,3,"Wifi tốc độ cao, Điều hòa nhiệt độ, Bếp đầy đủ tiện nghi, TV thông minh, Máy giặt, Tủ lạnh, Máy sấy tóc, Khăn tắm & đồ vệ sinh cá nhân, Tự nhận phòng bằng khóa thông minh, Bình nóng lạnh, Khu vực làm việc riêng, Bể bơi ngoài trời, Thang máy tòa nhà",15,https://a0.muscache.com/im/pictures/hosting/Hosting-1776555498554539671/original/277d5888-a5e2-44c9-9bf2-6b6aec6d9732.png,Trọng Hiếu
1732259083797095806,https://www.airbnb.com.vn/rooms/1732259083797095806,Biệt thự sang trọng trung tâm thành phố 5 phòng ngủ•6 phòng tắm• Phòng xông hơi•KTV•Bi-A,Nhà tại Thành phố Hồ Chí Minh,Thành phố Hồ Chí Minh,Quận 1,Quận 1,"Quận 1, Thành phố Hồ Chí Minh, Việt Nam",10.7871,106.7532,7562047,7.562.047 ₫ / đêm,5,22,False,True,10,5,5,6,"Wifi tốc độ cao, Điều hòa nhiệt độ, Bếp đầy đủ tiện nghi, TV thông minh, Máy giặt, Tủ lạnh, Máy sấy tóc, Khăn tắm & đồ vệ sinh cá nhân, Tự nhận phòng bằng khóa thông minh, Bình nóng lạnh, Khu vực làm việc riêng, Bể bơi ngoài trời, Bàn bi-a giải trí",15,https://a0.muscache.com/im/pictures/hosting/Hosting-1732259083797095806/original/e968eb8c-12c0-46cd-9d34-af781210d755.png,Minh Thơ
1666009889914611463,https://www.airbnb.com.vn/rooms/1666009889914611463,"Studio gần Landmark81, Ga Metro Tân Cảng",Phòng tại Thành phố Hồ Chí Minh,Thành phố Hồ Chí Minh,Bình Thạnh,Bình Thạnh,"Bình Thạnh, Thành phố Hồ Chí Minh, Việt Nam",10.7966,106.7189,400800,400.800 ₫ / đêm,5,11,False,True,2,1,1,1,"Wifi tốc độ cao, Điều hòa nhiệt độ, Bếp đầy đủ tiện nghi, TV thông minh, Máy giặt, Tủ lạnh, Máy sấy tóc, Khăn tắm & đồ vệ sinh cá nhân, Tự nhận phòng bằng khóa thông minh, Bình nóng lạnh, Khu vực làm việc riêng, Thang máy tòa nhà",6,https://a0.muscache.com/im/pictures/hosting/Hosting-1666009889914611463/original/8971befd-996e-44f7-a82f-47aa0e49f252.jpeg,Thu Hương
1768799704037023673,https://www.airbnb.com.vn/rooms/1768799704037023673,34.09 Landmark 6•Nhìn ra Landmark 81• Phòng tập thể dục/hồ bơi miễn phí,Căn hộ chung cư cao cấp tại Thành phố Hồ Chí Minh,Thành phố Hồ Chí Minh,Bình Thạnh,Bình Thạnh,"Bình Thạnh, Thành phố Hồ Chí Minh, Việt Nam",10.7961,106.721,2719229,2.719.229 ₫ / đêm,5,9,False,True,6,3,3,2,"Wifi tốc độ cao, Điều hòa nhiệt độ, Bếp đầy đủ tiện nghi, TV thông minh, Máy giặt, Tủ lạnh, Máy sấy tóc, Khăn tắm & đồ vệ sinh cá nhân, Tự nhận phòng bằng khóa thông minh, Bình nóng lạnh, Khu vực làm việc riêng, Bể bơi ngoài trời, Thang máy tòa nhà, Phòng tập thể dục (Gym)",15,https://a0.muscache.com/im/pictures/hosting/Hosting-1768799704037023673/original/86b7407a-764d-4b93-b43c-9c9f61c645f8.jpeg,Hoàng Nam
1603710307816713958,https://www.airbnb.com.vn/rooms/1603710307816713958,Gần Q1/Sân bay • Studio Ban công •  Netflix,Phòng tại Hồ Chí Minh,Thành phố Hồ Chí Minh,Tân Bình,Tân Bình,"Tân Bình, Thành phố Hồ Chí Minh, Việt Nam",10.8079,106.6839,739472,739.472 ₫ / đêm,5,33,False,True,2,1,1,1,"Wifi tốc độ cao, Điều hòa nhiệt độ, Bếp đầy đủ tiện nghi, TV thông minh, Máy giặt, Tủ lạnh, Máy sấy tóc, Khăn tắm & đồ vệ sinh cá nhân, Tự nhận phòng bằng khóa thông minh, Bình nóng lạnh, Khu vực làm việc riêng, Ban công ngắm cảnh thành phố",6,https://a0.muscache.com/im/pictures/hosting/Hosting-1603710307816713958/original/f6cd53b1-5527-4eb5-9cce-dcf95b9b3653.jpeg,Lan Anh
1754205221965104974,https://www.airbnb.com.vn/rooms/1754205221965104974,Nhà trung tâm 6 phòng ngủ_Phòng tắm riêng | Đi bộ đến Bùi Viện,Nhà tại Thành phố Hồ Chí Minh,Thành phố Hồ Chí Minh,Quận 1,Quận 1,"Quận 1, Thành phố Hồ Chí Minh, Việt Nam",10.7612,106.69423,4426453,4.426.453 ₫ / đêm,5,6,False,True,12,6,6,6,"Wifi tốc độ cao, Điều hòa nhiệt độ, Bếp đầy đủ tiện nghi, TV thông minh, Máy giặt, Tủ lạnh, Máy sấy tóc, Khăn tắm & đồ vệ sinh cá nhân, Tự nhận phòng bằng khóa thông minh, Bình nóng lạnh, Khu vực làm việc riêng",15,https://a0.muscache.com/im/pictures/hosting/Hosting-1754205221965104974/original/e3e69d43-2c92-4279-af72-74f6bcd9526b.jpeg,Tuấn Kiệt
1760875665609825046,https://www.airbnb.com.vn/rooms/1760875665609825046,Sterling •2 phòng ngủ (3 giường)• Nhìn ra Bitexco & Thành phố • D1 5m,Căn hộ tại Thành phố Hồ Chí Minh,Thành phố Hồ Chí Minh,Quận 1,Quận 1,"Quận 1, Thành phố Hồ Chí Minh, Việt Nam",10.7628,106.6986,2512050,2.512.050 ₫ / đêm,5,6,False,True,6,2,3,2,"Wifi tốc độ cao, Điều hòa nhiệt độ, Bếp đầy đủ tiện nghi, TV thông minh, Máy giặt, Tủ lạnh, Máy sấy tóc, Khăn tắm & đồ vệ sinh cá nhân, Tự nhận phòng bằng khóa thông minh, Bình nóng lạnh, Khu vực làm việc riêng, Thang máy tòa nhà",15,https://a0.muscache.com/im/pictures/hosting/Hosting-1760875665609825046/original/bcca47c8-e3ca-456b-810f-bb017999afdb.jpeg,Quỳnh Nga
1765299661503541441,https://www.airbnb.com.vn/rooms/1765299661503541441,LoCoFullHouse3BR4Beds4WR Gia đình Trung tâm D1,Nhà tại Thành phố Hồ Chí Minh,Thành phố Hồ Chí Minh,Quận 1,Quận 1,"Quận 1, Thành phố Hồ Chí Minh, Việt Nam",10.7573,106.6895,2560000,2.560.000 ₫ / đêm,5,10,True,False,8,3,4,3,"Wifi tốc độ cao, Điều hòa nhiệt độ, Bếp đầy đủ tiện nghi, TV thông minh, Máy giặt, Tủ lạnh, Máy sấy tóc, Khăn tắm & đồ vệ sinh cá nhân, Tự nhận phòng bằng khóa thông minh, Bình nóng lạnh, Khu vực làm việc riêng",15,https://a0.muscache.com/im/pictures/hosting/Hosting-1765299661503541441/original/895003f6-2550-4f50-b934-c8cfe8ad252a.jpeg,Đức Huy
1749705760610403084,https://www.airbnb.com.vn/rooms/1749705760610403084,Gần sân bay/Studio/nhìn ra thành phố/Hội/Netflix,Căn hộ tại Thành phố Hồ Chí Minh,Thành phố Hồ Chí Minh,Tân Bình,Tân Bình,"Tân Bình, Thành phố Hồ Chí Minh, Việt Nam",10.8317,106.6349,476424,476.424 ₫ / đêm,4.92,12,True,False,2,1,1,1,"Wifi tốc độ cao, Điều hòa nhiệt độ, Bếp đầy đủ tiện nghi, TV thông minh, Máy giặt, Tủ lạnh, Máy sấy tóc, Khăn tắm & đồ vệ sinh cá nhân, Tự nhận phòng bằng khóa thông minh, Bình nóng lạnh, Khu vực làm việc riêng, Thang máy tòa nhà",10,https://a0.muscache.com/im/pictures/hosting/Hosting-1749705760610403084/original/f9bcc951-cdc6-4cc4-8f50-a7bce323a343.jpeg,Ngọc Mai
1180420489289053671,https://www.airbnb.com.vn/rooms/1180420489289053671,BW House Inner 401,Nơi ở tại Quận 3,Thành phố Hồ Chí Minh,Quận 3,Quận 3,"Quận 3, Thành phố Hồ Chí Minh, Việt Nam",10.783,106.6878,650000,650.000 ₫ / đêm,4.97,102,False,True,2,1,1,1,"Wifi tốc độ cao, Điều hòa nhiệt độ, Bếp đầy đủ tiện nghi, TV thông minh, Máy giặt, Tủ lạnh, Máy sấy tóc, Khăn tắm & đồ vệ sinh cá nhân, Tự nhận phòng bằng khóa thông minh, Bình nóng lạnh, Khu vực làm việc riêng",12,https://a0.muscache.com/im/pictures/hosting/Hosting-U3RheVN1cHBseUxpc3Rpbmc6MTE4MDQyMDQ4OTI4OTA1MzY3MQ==/original/adc1f4b1-a701-464f-acb1-65fcd09cdf22.jpeg,Thanh Tùng
1772120491826357656,https://www.airbnb.com.vn/rooms/1772120491826357656,Phòng Studio| Bếp đầy đủ tiện nghi & máy giặt,Phòng tại Thành phố Hồ Chí Minh,Thành phố Hồ Chí Minh,Tân Bình,Tân Bình,"Tân Bình, Thành phố Hồ Chí Minh, Việt Nam",10.763,106.6653,485000,485.000 ₫ / đêm,5,3,False,False,2,1,1,1,"Wifi tốc độ cao, Điều hòa nhiệt độ, Bếp đầy đủ tiện nghi, TV thông minh, Máy giặt, Tủ lạnh, Máy sấy tóc, Khăn tắm & đồ vệ sinh cá nhân, Tự nhận phòng bằng khóa thông minh, Bình nóng lạnh, Khu vực làm việc riêng",6,https://a0.muscache.com/im/pictures/hosting/Hosting-1682726843119083360/original/7283288c-5ad4-48ea-92ec-a597b5fb983f.jpeg,Khánh Linh
1775126435837375202,https://www.airbnb.com.vn/rooms/1775126435837375202,Phòng Deluxe giường King có cửa sổ tại Cubicity Nguyễn Trường Tộ,Khách sạn tại Thành phố Hồ Chí Minh,Thành phố Hồ Chí Minh,Quận 1,Quận 1,"Quận 1, Thành phố Hồ Chí Minh, Việt Nam",10.7655,106.7042,818400,818.400 ₫ / đêm,5,3,False,False,2,1,1,1,"Wifi tốc độ cao, Điều hòa nhiệt độ, Bếp đầy đủ tiện nghi, TV thông minh, Máy giặt, Tủ lạnh, Máy sấy tóc, Khăn tắm & đồ vệ sinh cá nhân, Tự nhận phòng bằng khóa thông minh, Bình nóng lạnh, Khu vực làm việc riêng",10,https://a0.muscache.com/im/pictures/hosting/Hosting-1775126435837375202/original/2a19c2fd-c9e2-4bb1-8ede-1128055cfd02.jpeg,Bảo Long
1743932104867038611,https://www.airbnb.com.vn/rooms/1743932104867038611,Kensington D1 |3 phòng ngủ (4 giường) | • Nhìn ra thành phố + sông,Căn hộ tại Thành phố Hồ Chí Minh,Thành phố Hồ Chí Minh,Quận 1,Quận 1,"Quận 1, Thành phố Hồ Chí Minh, Việt Nam",10.7554,106.6877,3382204,3.382.204 ₫ / đêm,5,6,False,True,8,3,4,2,"Wifi tốc độ cao, Điều hòa nhiệt độ, Bếp đầy đủ tiện nghi, TV thông minh, Máy giặt, Tủ lạnh, Máy sấy tóc, Khăn tắm & đồ vệ sinh cá nhân, Tự nhận phòng bằng khóa thông minh, Bình nóng lạnh, Khu vực làm việc riêng, Thang máy tòa nhà",15,https://a0.muscache.com/im/pictures/hosting/Hosting-1743932104867038611/original/d9191019-0650-4974-a066-bd1a4bc76715.jpeg,Hồng Nhung
